index,lesson_name
1,Section_1
2,Section_2
3,Section_3
4,Section_4
5,Section_5
6,Section_6
7,Section_7
8,Section_8
9,Section_9
10,Section_10
11,Section_11
12,Section_12
13,Section_13
14,Section_14
15,Section_15
16,Section_16
17,Section_17
18,Section_18
19,Section_19
20,Section_20
21,Section_21
22,Section_22
23,Section_23
24,Section_24
25,Section_25
26,Section_26
27,Section_27
28,Section_28
29,Section_29
30,Section_30
31,Section_31
32,Section_32
33,Section_33
34,Section_34
35,Section_35
36,Section_36
37,Section_37
38,Section_38
39,Section_39
40,Section_40
41,Section_41
42,Section_42
43,Section_43
44,Section_44
45,Section_45
46,Section_46
47,Section_47
48,Section_48
